category_id,drug_N,품목기준코드,제품명,이 약의 효능은 무엇입니까?,이 약은 어떻게 사용합니까?,이 약을 사용하기 전에 반드시 알아야 할 내용은 무엇입니까?,이 약의 사용상 주의사항은 무엇입니까?,이 약을 사용하는 동안 주의해야 할 약 또는 음식은 무엇입니까?,이 약은 어떤 이상반응이 나타날 수 있습니까?,이 약은 어떻게 보관해야 합니까?
1,K-000069,196500051,타이밍정,졸음,1회 2~6정,,갈락토오스,,만성 녹내장을 악화시킬 경우 복용을 즉각 중지하고 의사 또는 약사와 상의하십시오.,실온에서 보관하십시오. 어린이의 손이 닿지 않는 곳에 보관하십시오.
2,K-000112,197000037,아로나민골드정,"육체피로, 임신ㆍ수유기, 병중ㆍ병후(병을 앓는 동안이나 회복 후)의 체력 저하 시, 노년기(간유, 비타민 D, E 함유시)의 비타민 B1, B2, B6, E, C의 보급과 신경통, 근육통, 관절통(요통, 어깨결림 등) 증상의 완화, 각기, 눈의 피로","1회 1정씩, 1일 2회 복용합니다.",,이,레보도파와 함께 복용하지 마십시오. 에스트로겐을 포함한 경구용 피임제와 함께 복용 시 의사 또는 약사와 상의하십시오.,위부불쾌감,습기와 빛을 피해 실온에서 보관하십시오. 어린이의 손이 닿지 않는 곳에 보관하십시오.
3,K-000121,197000076,보나링에이정,"멀미·메니에르증후군·방사선숙취에 의한 구역·구토·어지러움, 수술후 구역·구토",1회 1정,,이,바르비탈계 약물,발진,실온에서 보관하십시오.
4,K-000147,197100081,키모랄에스정,"수술 및 외상후, 유즙울체의 염증성 부종의 완화","첫날 1회 2정 1일 4회, 이후 유지량으로 1회 1정 1일 4회 복용합니다. 체내에서의 작용기전은 아직 해명되지 않은 점이 많고 용량, 효과관계도 밝혀진 것이 아니므로 목적 없이 투여하지 않습니다.",,이,항응고제를 함께 사용 시 의사 또는 약사와 상의하십시오.,발진,실온에서 보관하십시오. 어린이의 손이 닿지 않는 곳에 보관하십시오.
5,K-000250,197400246,마그밀정,"위·십이지장궤양, 위염, 위산과다의 제산작용 및 증상의 개선, 변비증","위.십이지장궤양, 위염, 위산과다에는 산화마그네슘으로서 1일 2~5정",,"신장애,",테트라사이클린계 항생물질을 함께 복용하지 마십시오. 다량의 우유,마그네슘 중독증상,습기와 빛을 피해 실온에서 보관하십시오. 어린이의 손이 닿지 않는 곳에 보관하십시오.
6,K-000272,197500016,낙센정,"류마티양 관절염, 골관절염(퇴행성 관절질환), 강직성 척추염, 건염(힘줄염), 급성통풍, 월경곤란증과 활액(윤활)낭염, 골격근장애(삠, 타박상, 상처, 허리통증), 수술후 통증, 편두통, 발치(이를 뽑음)후 통증","류마티양 관절염, 골관절염, 강직성 척추염에  1회 1~2정",,이,다른 비스테로이드성 소염진통제,드물게 쇽증상(호흡곤란,암소에서 보관하십시오. 어린이의 손이 닿지 않는 곳에 보관하십시오.
7,K-000364,197600345,페리나정,"코감기, 알레르기 및 혈관운동성 코염에 의한 재채기, 콧물, 코막힘, 눈물의 완화",1회 1정 1일 3회 매 식후에 복용합니다.,급성전신발진고름물집증과,이,이 약을 복용 중에는 알코올성 음료를 피하십시오.,급성전신발진고름물집증,습기와 빛을 피해 실온에서 보관하십시오. 어린이의 손이 닿지 않는 곳에 보관하십시오.
8,K-000372,197600539,세가톤트로키,"인두염, 편도염, 구내염에 의한 염증 완화",1회 1정,,3세,,발진,습기와 빛을 피해 실온에서 보관하십시오. 어린이의 손이 닿지 않는 곳에 보관하십시오.
9,K-000479,197800242,일양노이시린에이정,위산과다 위ㆍ십이지장염 위염의 제산작용 및 증상의 개선,1회 1~2정,,이,테트라사이클린계 항생제와 함께 복용 시 의사 또는 약사와 상의하십시오.,때때로 설사,
10,K-000573,197900277,게보린정,"두통, 치통, 발치(이를 뽑음)후 동통(통증), 인후(목구멍)통, 귀의 통증, 관절통, 신경통, 요(허리)통, 근육통, 견통(어깨통증), 타박통, 골절통, 염좌통(삔 통증), 월경통(생리통), 외상(상처)통의 진통과 오한(춥고 떨리는 증상), 발열시의 해열",1회 1정 1일 3회까지 공복시를 피해 복용합니다. 복용간격은 4시간 이상으로 합니다. 이 약은 원칙적으로 단기간 복용합니다.,매일,이,바르비탈계 약물,쇽 증상(호흡곤란,습기와 빛을 피해 실온에서 보관하십시오. 어린이의 손이 닿지 않는 곳에 보관하십시오.
11,K-000746,198100119,우루사정,"담즙(쓸개즙)분비 부전으로 오는 간질환, 담도(쓸개길)(담관(쓸개관), 담낭(쓸개))계 질환의 보조 치료와 만성 간질환의 간기능 개선과 소장절제 후유증 및 염증성 소장 질환의 소화불량",1회 0.5~1정,,이,경구용 당뇨병제(톨부타미드),,실온에서 보관하십시오. 어린이의 손이 닿지 않는 곳에 보관하십시오.
12,K-000779,198100428,스파부틴정,"식도역류 및 열공헤르니아, 위 십이지장염, 위ㆍ십이지장궤양에 있어서의 소화기능이상 (복통, 소화불량,구역, 구토)과 과민성대장증후군 및 경련성 결장과 소아 질환(습관성 구토, 비감염성 장관 통과 장애(변비, 설사))",1회 1~2정,,갈락토오스,,드물게 변비,습기와 빛을 피해 실온에서 보관하십시오. 어린이의 손이 닿지 않는 곳에 보관하십시오.
13,K-000836,198200120,타라부틴정,"식도역류 및 열공헤르니아, 위 십이지장염, 위ㆍ십이지장궤양에 있어서의 소화기능이상 (복통, 소화불량,구역, 구토)과 과민성대장증후군 및 경련성 결장과 소아 질환(습관성 구토, 비감염성 장관 통과 장애(변비, 설사))",1회 1~2정,,갈락토오스,,드물게 변비,습기와 빛을 피해 실온에서 보관하십시오. 어린이의 손이 닿지 않는 곳에 보관하십시오.
14,K-001029,198300343,부루펜정,"류마티양 관절염, 연소성 류마티양 관절염, 골관절염(퇴행성 관절질환), 감기로 인한 발열 및 동통, 요통, 월경곤란증, 수술후 동통과 강직성 척추염, 두통, 치통, 근육통, 신경통, 급성통풍, 건선성 관절염, 연조직손상(염좌, 좌상), 비관절 류마티스질환(건염, 건초염, 활액낭염)","류마티양 관절염, 골관절염, 강직성 척추염, 연조직손상, 비관절 류마티스질환, 급성통풍, 건선성 관절염에  1회 1/2정~1.5정",,이,다른 비스테로이드성 소염진통제,심근경색증 및 뇌졸중의 위험 증가,어린이의 손이 닿지 않는 곳에 보관하십시오. 실온에서 보관하십시오.
15,K-001061,198300605,파자임밀리그램이중정,"소화불량, 식욕감퇴(식욕부진), 과식, 체함, 소화촉진, 소화불량으로 인한 위부팽만감, 가스제거","1회 1정씩, 1일 3회 식후에 복용합니다.",,만,이 약을 복용하기 전에 다른 약물을 복용하고 있는 경우 의사 또는 약사와 상의하십시오.,,습기와 빛을 피해 실온에서 보관하십시오. 어린이의 손이 닿지 않는 곳에 보관하십시오.
16,K-001330,198400830,크로낙정,"근육통, 신경통, 외상후 및 수술후 통증, 두통, 치통, 귀통증의 경증 또는 중등도 통증의 완화",1회 1~2정,,이,이 약을 복용하기 전에 미소프로스톨 등으로 소화성궤양 치료를 병행하고 있는 환자는 의사 또는 약사와 상의하십시오.,,실온에서 보관하십시오. 어린이의 손이 닿지 않는 곳에 보관하십시오.
17,K-001527,198500893,에세푸릴캡슐,급성 세균성 설사,1회 1캡슐,심하고,이,설사 중 생야채,피부발진,습기와 빛을 피해 실온에서 보관하십시오. 어린이의 손이 닿지 않는 곳에 보관하십시오.
18,K-001728,198601047,디크로닉정,"근육통, 신경통, 외상후 및 수술후 통증, 두통, 치통, 귀통증의 경증 또는 중등도 통증의 완화",1회 1~2정,,이,이 약을 복용하기 전에 미소프로스톨 등으로 소화성궤양 치료를 병행하고 있는 환자는 의사 또는 약사와 상의하십시오.,,실온에서 보관하십시오. 어린이의 손이 닿지 않는 곳에 보관하십시오.
19,K-001743,198601210,신일트리메부틴말레산염정,"식도역류 및 열공헤르니아, 위 십이지장염, 위ㆍ십이지장궤양에 있어서의 소화기능이상 (복통, 소화불량,구역, 구토)과 과민성대장증후군 및 경련성 결장과 소아 질환(습관성 구토, 비감염성 장관 통과 장애(변비, 설사))",1회 1~2정,,갈락토오스,,드물게 변비,습기와 빛을 피해 실온에서 보관하십시오. 어린이의 손이 닿지 않는 곳에 보관하십시오.
20,K-001862,198700405,베아제정,"소화불량, 식욕감퇴(식욕부진), 과식, 체함, 소화촉진, 소화불량으로 인한 위부팽만감",성인 1회 1정 1일 3회 식후에 복용합니다.,,만,이 약을 복용하기 전에 다른 약물을 복용하고 있는 경우 의사 또는 약사와 상의하십시오.,,습기와 빛을 피해 서늘한 곳에 보관하십시오. 어린이의 손이 닿지 않는 곳에 보관하십시오.
21,K-001866,198700430,알마겔정,"위·십이지장궤양, 위염, 위산과다, 속쓰림, 구역, 구토, 위통, 신트림의 제산작용 및 증상의 개선",성인 및 12세 이상의 소아는 1회 2정,,이,이 약을 복용하는 동안 테트라사이클린계 항생제는 복용하지 마십시오. 이 약을 복용하기 전에 비스테로이드소염(항염)진통제,변비,습기와 빛을 피해 실온에서 보관하십시오. 어린이의 손이 닿지 않는 곳에 보관하십시오.
22,K-002031,198701478,자비론정,불면증의 보조치료 및 진정,1일 1회 1정,,"폐기종,",이 약을 복용하는 동안 이미프라민계 항우울약,때때로 항콜린작용이 나타날 수 있습니다.,빛을 피해 실온에서 보관하십시오. 어린이의 손이 닿지 않는 곳에 보관하십시오.
23,K-002049,198701672,크라운소브레롤캅셀,"급·만성기관지염, 호흡장애(천식, 기침)를 수반한 기관지염, 비인두염, 후두기관염 등 분비기능이 항진된 급·만성 호흡기 장애",1회 2캡슐,,이,,드물게 전신적 알레르기증상(피부발적,습기와 빛을 피해 실온에서 보관하십시오. 어린이의 손이 닿지 않는 곳에 보관하십시오.
24,K-002074,198701888,젠텔정,"회충, 요충, 십이지장충, 편충, 아메리카 구충, 분선충의 감염 및 이들 혼합감염의 치료",성인 및 24개월 이상의 소아는 요충에 감염된 경우 1일 1회 1정,,이,이 약을 복용하는 동안 테오필린,피부점막안증후군(스티븐스-존슨증후군),습기와 빛을 피해 실온에서 보관하십시오. 어린이의 손이 닿지 않는 곳에 보관하십시오.
25,K-002160,198800154,젤콤정,"회충, 요충, 편충, 십이지장충의 감염 및 이들 혼합감염의 치료",성인 및 소아는 1정,,이,,드물게 일과성 구역,습기와 빛을 피해 실온에서 보관하십시오. 어린이의 손이 닿지 않는 곳에 보관하십시오.
26,K-002169,198800190,베스타제포르테정,"소화불량, 식욕감퇴(식욕부진), 과식, 식체(위체), 소화촉진, 소화불량으로 인한 위부팽만감",1회 1정을 1일 3회 식후에 복용합니다.,,7세,,,습기와 빛을 피해 실온에서 보관하십시오. 어린이의 손이 닿지 않는 곳에 보관하십시오.
27,K-002186,198800316,타라부틴정,"식도역류 및 열공헤르니아, 위 십이지장염, 위ㆍ십이지장궤양에 있어서의 소화기능이상 (복통, 소화불량,구역, 구토)과 과민성대장증후군 및 경련성 결장과 소아 질환(습관성 구토, 변비, 설사 등 비 감염성 장관 통과 장애)",1회 0.5~1정,,이,,드물게 변비,실온에서 보관하십시오.
28,K-002240,198800776,이부펜정,"류마티양 관절염, 연소성 류마티양 관절염, 골관절염(퇴행성 관절질환), 감기로 인한 발열 및 동통, 요통, 월경곤란증, 수술후 동통과 강직성 척추염, 두통, 치통, 근육통, 신경통, 급성통풍, 건선성 관절염, 연조직손상(염좌, 좌상), 비관절 류마티스질환(건염, 건초염, 활액낭염)","류마티양 관절염, 골관절염, 강직성 척추염, 연조직손상, 비관절 류마티스질환, 급성통풍, 건선성 관절염에  1회 1 / 2 정~1.5정",,이,다른 비스테로이드성 소염진통제,심근경색증 및 뇌졸중의 위험 증가,어린이의 손이 닿지 않는 곳에 보관하십시오.
29,K-002256,198800901,크록신정,"근육통, 신경통, 외상(상처)후 및 수술후 통증, 두통, 치통, 귀통증의 경증(경증상, 가벼운 증상) 또는 중등도 통증의 완화",1회 1 / 2 ~1정,,이,이 약을 복용하기 전에 미소프로스톨 등으로 소화성궤양 치료를 병행하고 있는 환자는 의사 또는 약사와 상의하십시오.,,실온에서 보관하십시오. 어린이의 손이 닿지 않는 곳에 보관하십시오.
30,K-002257,198800902,트리마정,"식도역류 및 열공(구멍)헤르니아(탈장), 위 십이지장염, 위·십이지장궤양에 있어서의 소화기능이상(복통(배아픔), 소화불량,구역, 구토)과 과민성대장증후군 및 경련성 결장과 소아 질환(습관성 구토, 비감염성 장관 통과 장애(변비, 설사))",1회 0.5~1정,,갈락토오스,,드물게 변비,실온에서 보관하십시오.
31,K-002275,198801103,오스테민캡슐결정,경증(가벼운 증상)에서 중등도의 골(뼈)관절염(퇴행성관절염),1회 2캡슐,,이,이 약을 복용하기 전에 와파린,두통,실온에서 보관하십시오. 어린이의 손이 닿지 않는 곳에 보관하십시오.
32,K-002495,198801657,대화이부프로펜정,"류마티양 관절염, 연소성 류마티양 관절염, 골관절염(퇴행성 관절질환), 감기로 인한 발열 및 동통, 요통, 월경곤란증, 수술후 동통과 강직성 척추염, 두통, 치통, 근육통, 신경통, 급성통풍, 건선성 관절염, 연조직손상(염좌, 좌상), 비관절 류마티스질환(건염, 건초염, 활액낭염)","류마티양 관절염, 골관절염, 강직성 척추염, 연조직손상, 비관절 류마티스질환, 급성통풍, 건선성 관절염에  1회 1 / 2 정~1.5정",,이,다른 비스테로이드성 소염진통제,심근경색증 및 뇌졸중의 위험 증가,어린이의 손이 닿지 않는 곳에 보관하십시오.
33,K-002536,198802479,스메르정,불면증의 보조치료 및 진정,1일 1회 1정,,"폐기종,",이 약을 복용하는 동안 이미프라민계 항우울약,때때로 항콜린작용이 나타날 수 있습니다.,빛을 피해 실온에서 보관하십시오. 어린이의 손이 닿지 않는 곳에 보관하십시오.
34,K-002596,198900129,애드칼정,"칼슘 결핍 및 기타 칼슘보급과 임신ㆍ수유기, 발육기, 노년기의 비타민 D의 보급 및 뼈, 이의 발육불량, 구루병의 예방","저녁 식사 후 바로 2정을 복용하고 부족시에는 아침, 점심 식후 바로 1정씩 복용합니다. 1일 4정을 초과하지 않습니다.",,이,인산염,구역,습기와 빛을 피해 실온에서 보관하십시오. 어린이의 손이 닿지 않는 곳에 보관하십시오.
35,K-002824,198901915,신일이부프로펜정,"류마티양 관절염, 연소성 류마티양 관절염, 골관절염(퇴행성 관절질환), 감기로 인한 발열 및 동통, 요통, 월경곤란증, 수술후 동통과 강직성 척추염, 두통, 치통, 근육통, 신경통, 급성통풍, 건선성 관절염, 연조직손상(염좌, 좌상), 비관절 류마티스질환(건염, 건초염, 활액낭염)","류마티양 관절염, 골관절염, 강직성 척추염, 연조직손상, 비관절 류마티스질환, 급성통풍, 건선성 관절염에  1회 1 / 2 정~1.5정",,이,다른 비스테로이드성 소염진통제,심근경색증 및 뇌졸중의 위험 증가,어린이의 손이 닿지 않는 곳에 보관하십시오.
36,K-002942,199000361,엘칸정,"1차성, 2차성 카르니틴결핍증과 협심증, 급성심근경색 같은 허혈성 심질환에 의한 심근대사장애",1일 2~3 g을 1일 2~3회 분할하여 복용합니다.,,이,,일시적인 구역,
37,K-003017,199000568,프로트린정,"류마티양 관절염, 골관절염(퇴행성 관절질환), 강직성 척추염, 건염(힘줄염), 급성통풍, 월경곤란증과 활액(윤활)낭염, 골격근장애(염좌(삠), 좌상(타박상), 외상(상처), 요천통(허리통증)), 수술후 동통(통증), 편두통, 발치(이를 뽑음)후 통증","류마티양 관절염, 골관절염, 강직성 척추염에  1회 1~2정",,이,다른 비스테로이드성 소염진통제 및 나프록센 유도체,심근경색증 및 뇌졸중의 위험 증가,실온에서 보관하십시오. 어린이의 손이 닿지 않는 곳에 보관하십시오.
38,K-003078,199001080,뮤코스텐캡슐,"급ㆍ만성기관지염, 기관지천식, 후두염, 부비동염, 낭성섬유증 질환에서의 객담배출곤란",낭성섬유증에 6세 이상은 1회 2캡슐,,이,경구용 항생제(아목시실린,드물게 구역,실온에서 보관하십시오. 어린이의 손이 닿지 않는 곳에 보관하십시오.
39,K-003329,199100996,메카인정,멀미에 의한 어지러움·구토·두통 등의 예방 및 완화,만 15세 이상 및  멀미의 예방에는 승차 30분에서 1시간 전에 1회 1정을 복용합니다. 필요시 추가복용 할 경우에는 1회 1정을 4시간 이상 간격을 두고 복용하며 1일 복용회수는 2회를 한도로 합니다.,,만,다른 진토제,발진,습기와 빛을 피해 실온에서 보관하십시오. 어린이의 손이 닿지 않는 곳에 보관하십시오.
40,K-003746,199201154,토파제정,"소화불량, 식욕감퇴(식욕부진), 과식, 체함, 소화촉진, 소화불량으로 인한 위부팽만감","만 15세 이상 및  1회 2정씩, 1일 3회 식후에 복용합니다.",,만,다른 정주용 지질제와 함께 복용 시 의사 또는 약사와 상의하십시오.,,습기와 빛을 피해 실온에서 보관하십시오. 어린이의 손이 닿지 않는 곳에 보관하십시오.
41,K-004030,199300217,종근당알벤다졸정,"회충, 요충, 십이지장충, 편충, 아메리카 구충, 분선충의 감염 및 이들 혼합감염의 치료","성인 및 24개월 이상의 소아는 요충에 감염된 경우 1일 1회, 1정",,이,이 약을 복용하는 동안 테오필린,피부점막안증후군(스티븐스-존슨증후군),습기와 빛을 피해 실온에서 보관하십시오. 어린이의 손이 닿지 않는 곳에 보관하십시오.
42,K-004168,199301198,비오라민정,"육체피로, 임신ㆍ수유기, 병중ㆍ병후(병을 앓는 동안이나 회복 후)의 체력 저하 시, 노년기의 비타민 E, B1, B2, B6, C의 보급과 신경통, 근육통, 관절통(요통, 견통(어깨결림) 등) 증상의 완화, 각기, 눈의 피로","1회 1정씩, 1일 2회 복용합니다.",,이,레보도파,위부(상복부)불쾌감,습기와 빛을 피해 실온에서 보관하십시오. 어린이의 손이 닿지 않는 곳에 보관하십시오.
43,K-004268,199302061,듀오락스정,"변비와 변비에 수반하는 식욕부진(식욕감퇴), 복부팽만, 장내이상발효, 치질의 완화","만 15세 이상 및  1회 3정씩, 만 11세 이상~만 15세 미만은 1회 2정씩, 1일 1회 취침시",,만,제산제와 함께 복용하지 마십시오. 우유 섭취 후 1시간 이내는 복용을 피하십시오.,발진·발적(충혈되어 붉어짐),습기와 빛을 피해 실온에서 보관하십시오. 어린이의 손이 닿지 않는 곳에 보관하십시오.
44,K-004378,199303108,타이레놀정,"감기로 인한 발열 및 동통(통증), 두통, 신경통, 근육통, 월경통, 염좌통(삔 통증)과 치통, 관절통, 류마티양 동통(통증)","만 12세 이상의 소아 및  1회 1~2정씩, 1일 3~4회",매일,이,다른 소염(항염)진통제,,실온에서 보관하십시오. 어린이의 손이 닿지 않는 곳에 보관하십시오.
45,K-004379,199303109,어린이용타이레놀정,"감기로 인한 발열 및 동통(통증), 두통, 신경통, 근육통, 월경통, 염좌통(삔 통증)과 치통, 관절통, 류마티양 동통(통증)","만 12세 이하의 소아는 1회 권장용량을 4~6시간 마다 필요시 복용합니다. 이 약은 가능한 최단기간동안 최소 유효용량으로 복용하며, 1일 5회",,이,아세트아미노펜을 포함하는 다른 제품,,실온에서 보관하십시오. 어린이의 손이 닿지 않는 곳에 보관하십시오.
46,K-004548,199400500,큐자임정,"식욕감퇴(식욕부진), 위부팽만감, 소화불량, 과식, 체함, 구역, 구토, 소화촉진, 소화불량으로 인한 위부팽만감","성인 및 15세 이상은 1회 1정, 1일 3회 식후에 복용합니다.",,만,이 약을 복용하기 전에 다른 약물을 복용하고 있는 경우 의사 또는 약사와 상의하십시오.,요량이 감소하고,습기와 빛을 피해 실온에서 보관하십시오. 어린이의 손이 닿지 않는 곳에 보관하십시오.
47,K-004617,199400891,알콤정,"회충, 요충, 편충, 십이지장충의 감염 및 이들 혼합감염의 치료",성인 및 소아는 1정,,이,,드물게 일과성 구역,습기와 빛을 피해 실온에서 보관하십시오. 어린이의 손이 닿지 않는 곳에 보관하십시오.
48,K-004637,199401030,삼남아세트아미노펜정,"감기로 인한 발열 및 동통(통증), 두통, 신경통, 근육통, 월경통, 염좌통(삔 통증)과 치통, 관절통, 류마티양 동통(통증)","1회 300~1,000 mg을 1일 3~4회 복용합니다. 1일 최고 4,000 mg까지 투여할 수 있습니다. 연령, 증상에 따라 적절히 증감합니다.",매일,이,아세트아미노펜을 포함하는 다른 제품,,빛을 피해 실온에서 보관하십시오. 어린이의 손이 닿지 않는 곳에 보관하십시오.
49,K-004799,199402278,타이레놀정,"감기로 인한 발열 및 동통(통증), 두통, 신경통, 근육통, 월경통, 염좌통(삔 통증)과 치통, 관절통, 류마티양 동통(통증)","만 12세 이하의 소아는 1회 권장용량을 4~6시간 마다 필요시 복용합니다. 이 약은 가능한 최단기간동안 최소 유효용량으로 복용하며, 1일 5회",매일,이,아세트아미노펜을 포함하는 다른 제품,,실온에서 보관하십시오. 어린이의 손이 닿지 않는 곳에 보관하십시오.
50,K-005025,199500536,셀라펜정,"신경통, 근육통, 관절통, 요(허리)통, 염좌통(삔 통증), 견통(어깨결림), 근경련(근육경련), 근경직등 근육의 이상 긴장을 수반하는 여러 질환","1회 2정 1일 4회까지 공복을 피하여 복용합니다. 연령, 증상에 따라 적절히 증감합니다.",,이,아세트아미노펜을 포함하는 다른 제품과 함께 복용하지 마십시오. 바르비탈계 약물,두드러기,습기와 빛을 피해 실온에서 보관하십시오. 어린이의 손이 닿지 않는 곳에 보관하십시오.
51,K-005094,199501099,삼남건조수산화알루미늄겔정,"위.십이지장궤양, 위염, 위산과다의 제산작용 및 증상의 개선",1회 1~2정,,투석요법을,테트라사이클린계 항생물질을 함께 복용하지 마십시오. 이 약의 흡착작용 또는 소화관내,때때로 변비 드물게 구역,실온에서 보관하십시오.
52,K-005223,199501953,신일티아민염산염정,"비타민 B1 결핍증의 예방 및 치료에 사용하며 소모성 질환, 갑상선기능항진증, 임산부, 수유부, 심한 육체노동 시 비타민 B1의 수요가 증대하여 식사로부터의 섭취가 불충분한 경우의 보급, 베르니케뇌병증, 각기, 비타민 B1 결핍 또는 대사장애가 관여한다고 추정되는 근육통, 관절통, 신경통, 말초신경염, 말초신경마비","1회 1～10 mg씩, 1일 1~3회 복용합니다.",,이,,발열,습기와 빛을 피해 실온에서 보관하십시오. 어린이의 손이 닿지 않는 곳에 보관하십시오.
53,K-005466,199600246,베스자임정,"소화불량, 식욕감퇴(식욕부진), 과식, 체함, 소화촉진, 소화불량으로 인한 위부팽만감",1회 1정 1일 3회 식후에 복용합니다.,,만,이 약을 복용하기 전에 다른 약물을 복용하고 있는 경우,,습기와 빛을 피해 실온에서 보관하십시오. 어린이의 손이 닿지 않는 곳에 보관하십시오.
54,K-005556,199600581,바이탈씨에프정,"육체피로, 임신ㆍ수유기, 병중ㆍ병후(병을 앓는 동안이나 회복 후)의 체력 저하 시, 노년기의 비타민B2, B6, C, E의 보급과 햇볕ㆍ피부병 등에 의한 색소침착(기미, 주근깨)의 완화, 잇몸출혈, 비출혈(코피) 예방","만 8세 이상 및  1회 1정씩, 1일 2회 입안에서 녹이거나 씹어서 복용합니다.",이,이,레보도파와 함께 복용하지 마십시오. 에스트로겐을 포함한 경구용 피임제와 함께 복용 시 의사 또는 약사와 상의하십시오.,구역,습기와 빛을 피해 실온에서 보관하십시오. 어린이의 손이 닿지 않는 곳에 보관하십시오.
55,K-005676,199601520,복합파자임이중정,"소화불량, 식욕감퇴(식욕부진), 과식, 체함, 소화촉진, 소화불량으로 인한 위부팽만감",성인 및 15세 이상은 1회 1~2정 1일 3회 식후에 복용합니다.,,만,이 약을 복용하기 전에 다른 약물을 복용하고 있는 경우 의사 또는 약사와 상의하십시오.,,습기와 빛을 피해 실온에서 보관하십시오. 어린이의 손이 닿지 않는 곳에 보관하십시오.
56,K-005849,199602668,무스판정,"위장관계 질환의 발작성 동통 또는 담도계, 비뇨기계, 월경곤란증 등 여성 생식기계의 기능장애 및 경련성 동통",1회 1~2정 1일 3회 복용합니다. 1일 최대용량은 6정을 초과하지 마십시오.,매일,이,아세트아미노펜을 포함하는 다른 제품,혈소판감소증,실온에서 보관하십시오. 어린이의 손이 닿지 않는 곳에 보관하십시오.
57,K-005886,199603003,타이레놀이알서방정,"해열 및 감기에 의한 동통(통증)과 두통, 치통, 근육통, 허리동통(통증), 생리통, 관절통의 완화",12세 이상의 소아 및  매 8시간마다 2정씩 복용합니다. 24시간 동안 6정을 초과하지 마십시오.,매일,이,다른 소염(항염)진통제,,실온에서 보관하십시오. 어린이의 손이 닿지 않는 곳에 보관하십시오.
58,K-006025,199700120,세트린정,"계절성 및 다년성 알레르기성 비염, 알레르기성 결막염, 만성 특발성 두드러기, 피부소양증과 하이드로코티손 외용제와 병용에 의한 습진, 피부염",성인 및 6세 이상의 소아는 1일 1회 1정,,이,이 약을 복용하는 동안 테오필린,졸음,실온에서 보관하십시오. 어린이의 손이 닿지 않는 곳에 보관하십시오.
59,K-006064,199700265,알레리진정,"계절성 및 다년성 알레르기성 비염, 알레르기성 결막염, 만성 특발성 두드러기, 피부가려움증과 하이드로코티손 외용제와 병용에 의한 습진, 피부염",성인 및 6세 이상의 소아는 1일 1회 1정,,이,테오필린,이 약 투여 중단 후 가려움증,실온에서 보관하십시오. 어린이의 손이 닿지 않는 곳에 보관하십시오.
60,K-006235,199701033,코나진정,"계절성 및 다년성 알레르기성 비염, 알레르기성 결막염, 만성 특발성 두드러기, 피부가려움증과 하이드로코티손 외용제와 병용에 의한 습진, 피부염",성인 및 6세 이상의 소아는 1일 1회 1정,,이,테오필린,이 약 투여 중단 후 가려움증,실온에서 보관하십시오. 어린이의 손이 닿지 않는 곳에 보관하십시오.
61,K-006250,199701099,알메텍정,"계절성 및 다년성 알레르기성 비염, 알레르기성 결막염, 만성 특발성 두드러기, 피부소양증과 하이드로코티손 외용제와 병용에 의한 습진, 피부염",성인 및 6세 이상의 소아는 1일 1회 1정,,이,이 약을 복용하는 동안 테오필린,이 약 투여 중단 후 가려움증,실온에서 보관하십시오. 어린이의 손이 닿지 않는 곳에 보관하십시오.
62,K-006284,199701224,애니탈삼중정,"소화성 궤양에 따른 다음 증상의 개선: 위산과다, 속쓰림, 위부불쾌감, 위부팽만감, 식체(위체), 구역,구토, 위통, 신트림, 소화불량",1회 2정 1일 3회 매 식간,,투석요법을,위장진통제,뇨량이 감소하거나,습기와 빛을 피해 실온에서 보관하십시오. 어린이의 손이 닿지 않는 곳에 보관하십시오.
63,K-006287,199701227,노타민정,"알레르기성 비염(재채기, 코막힘, 가려움, 눈의 작열감), 만성 특발성(원인 불명의) 두드러기",성인 및 12세 이상의 소아는 1일 1회 1정,,이,이 약을 복용하는 동안 시메티딘,진정작용,실온에서 보관하십시오. 어린이의 손이 닿지 않는 곳에 보관하십시오.
64,K-006323,199701398,아루텍정,"계절성 및 다년성 알레르기성 비염, 알레르기성 결막염, 만성 특발성 두드러기, 피부가려움증과 하이드로코티손 외용제와 병용에 의한 습진, 피부염",성인 및 6세 이상의 소아는 1일 1회 1정,,이,테오필린,이 약 투여 중단 후 가려움증,실온에서 보관하십시오. 어린이의 손이 닿지 않는 곳에 보관하십시오.
65,K-006432,199701900,알티린정,"계절성 및 다년성 알레르기성 비염, 알레르기성 결막염, 만성 특발성 두드러기, 피부가려움증과 하이드로코티손 외용제와 병용에 의한 습진, 피부염",성인 및 6세 이상의 소아는 1일 1회 1정,,이,테오필린,이 약 투여 중단 후 가려움증,실온에서 보관하십시오. 어린이의 손이 닿지 않는 곳에 보관하십시오.
66,K-006435,199701908,질러탈정,"계절성 및 다년성 알레르기성 비염, 알레르기성 결막염, 만성 특발성 두드러기, 피부가려움증과 하이드로코티손 외용제와 병용에 의한 습진, 피부염",만 6세 이상 및  1회 1정,,이,테오필린,이 약 투여 중단 후 가려움증,실온에서 보관하십시오. 어린이의 손이 닿지 않는 곳에 보관하십시오.
67,K-006456,199701967,로텍정,"계절성 및 다년성 알레르기성 비염, 알레르기성 결막염, 만성 특발성 두드러기, 피부소양증과 하이드로코티손 외용제와 병용에 의한 습진, 피부염",성인 및 6세 이상의 소아는 1일 1회 1정,,이,이 약을 복용하는 동안 테오필린,이 약 투여 중단 후 가려움증,실온에서 보관하십시오. 어린이의 손이 닿지 않는 곳에 보관하십시오.
68,K-006544,199702105,코졸텍정,"계절성 및 다년성 알레르기성 비염, 알레르기성 결막염, 만성 특발성 두드러기, 피부소양증과 하이드로코티손 외용제와 병용에 의한 습진, 피부염",성인 및 6세 이상의 소아는 1일 1회 1정,,이,이 약을 복용하는 동안 테오필린,이 약 복용 중단 후 가려움증,실온에서 보관하십시오. 어린이의 손이 닿지 않는 곳에 보관하십시오.
69,K-006562,199702177,로리딘정,"알레르기성 비염(재채기, 코막힘, 가려움, 눈의 작열감), 만성 특발성(원인 불명의) 두드러기",성인 및 12세 이상의 소아는 1일 1회 1정,,이,이 약을 복용하는 동안 시메티딘,진정작용,실온에서 보관하십시오. 어린이의 손이 닿지 않는 곳에 보관하십시오.
70,K-006697,199703153,씨즈날정,"계절성 및 다년성 알레르기성 비염, 알레르기성 결막염, 만성 특발성 두드러기, 피부가려움증과 하이드로코티손 외용제와 병용에 의한 습진, 피부염",만 6세 이상 및  1회 1정,,이,테오필린,이 약 투여 중단 후 가려움증,실온에서 보관하십시오. 어린이의 손이 닿지 않는 곳에 보관하십시오.
71,K-006886,199800308,엑티리딘정,"코감기, 알레르기 및 혈관운동성 코염에 의한 재채기, 콧물, 코막힘, 눈물의 완화","1회 1정, 소아",급성전신발진고름물집증과,이,,진정,습기와 빛을 피해 실온에서 보관하십시오. 어린이의 손이 닿지 않는 곳에 보관하십시오.
72,K-006977,199800767,트라몰시간서방정,"해열 및 감기에 의한 동통(통증)과 두통, 치통, 근육통, 허리동통(통증), 생리통, 관절통의 완화",12세 이상의 소아 및  매 8시간마다 2정씩 복용합니다. 24시간 동안 6정을 초과하지 마십시오.,매일,이,다른 소염(항염)진통제,,실온에서 보관하십시오. 어린이의 손이 닿지 않는 곳에 보관하십시오.
73,K-007024,199801026,훼스탈플러스정,"소화불량, 식욕감퇴(식욕부진), 과식, 체함, 소화촉진, 소화불량으로 인한 위부팽만감","성인 및 15세 이상은 1회 1~2정, 만 8세~만 15세의 소아는 1회 1정을 1일 3회 식후에 씹지말고 복용합니다.",,만,이 약을 복용하기 전에 다른 약물을 복용하고 있는 경우 의사 또는 약사와 상의하십시오.,,습기와 빛을 피해 실온에서 보관하십시오. 어린이의 손이 닿지 않는 곳에 보관하십시오.
74,K-007235,199801959,나프록스정,"류마티양 관절염, 골관절염(퇴행성 관절질환), 강직성 척추염, 건염(힘줄염), 급성통풍, 월경곤란증과 활액(윤활)낭염, 골격근장애(염좌(삠), 좌상(타박상), 외상(상처), 요천통(허리통증)), 수술후 동통(통증), 편두통, 발치(이를 뽑음)후 통증","류마티양 관절염, 골관절염, 강직성 척추염에  1회 1~2정",,이,다른 비스테로이드성 소염진통제 및 나프록센 유도체,심근경색증 및 뇌졸중의 위험 증가,실온에서 보관하십시오. 어린이의 손이 닿지 않는 곳에 보관하십시오.
75,K-007317,199802387,나프롱정,"류마티양 관절염, 골관절염(퇴행성 관절질환), 강직성 척추염, 건염(힘줄염), 급성통풍, 월경곤란증과 활액(윤활)낭염, 골격근장애(염좌(삠), 좌상(타박상), 외상(상처), 요천통(허리통증)), 수술후 동통(통증), 편두통, 발치(이를 뽑음)후 통증","류마티양 관절염, 골관절염, 강직성 척추염에  1회 1~2정",,이,다른 비스테로이드성 소염진통제 및 나프록센 유도체,심근경색증 및 뇌졸중의 위험 증가,실온에서 보관하십시오. 어린이의 손이 닿지 않는 곳에 보관하십시오.
76,K-007339,199802620,쎄로테정,"계절성 및 다년성 알레르기성 비염, 알레르기성 결막염, 만성 특발성 두드러기, 피부가려움증과 하이드로코티손 외용제와 병용에 의한 습진, 피부염",성인 및 6세 이상의 소아는 1일 1회 1정,,이,테오필린,이 약 투여 중단 후 가려움증,실온에서 보관하십시오. 어린이의 손이 닿지 않는 곳에 보관하십시오.
77,K-007340,199802621,프리나정,"류마티양 관절염, 골관절염(퇴행성 관절질환), 강직성 척추염, 건염(힘줄염), 급성통풍, 월경곤란증과 활액(윤활)낭염, 골격근장애(염좌(삠), 좌상(타박상), 외상(상처), 요천통(허리통증)), 수술후 동통(통증), 편두통, 발치(이를 뽑음)후 통증","류마티양 관절염, 골관절염, 강직성 척추염에  1회 1~2정",매일,이,다른 비스테로이드성 소염진통제,드물게 쇽 증상(호흡곤란,실온에서 보관하십시오. 어린이의 손이 닿지 않는 곳에 보관하십시오.
78,K-007348,199802671,리보테인정,"육체피로, 임신ㆍ수유기, 병중ㆍ병후(병을 앓는 동안이나 회복 후)의 체력 저하 시 비타민 B2, B6의 보급과 구각염(입꼬리염), 구순염(입술염), 구내염(입안염), 설염(혀염), 습진, 피부염 증상의 완화","만 8세 이상 어린이 및  1회 1정씩, 1일 3회 식후에 복용합니다.",,이,레보도파와 함께 복용하지 마십시오.,구역,습기와 빛을 피해 실온에서 보관하십시오. 어린이의 손이 닿지 않는 곳에 보관하십시오.
79,K-007388,199803095,크라운세티리진염산염정,"계절성 및 다년성 알레르기성 비염, 알레르기성 결막염, 만성 특발성 두드러기, 피부가려움증과 하이드로코티손 외용제와 병용에 의한 습진, 피부염",성인 및 6세 이상의 소아는 1일 1회 1정,,이,테오필린,이 약 투여 중단 후 가려움증,실온에서 보관하십시오. 어린이의 손이 닿지 않는 곳에 보관하십시오.
80,K-007588,199806985,씨메탈시정,"위통, 속쓰림, 체함, 구역","15세 이상~80세 미만  1회 2정씩 복용합니다. 필요시 4시간 간격으로 1회 2정씩, 1일 3회까지 복용할 수 있습니다. 단, 1일 3회",,히스타민,스테로이드제,두드러기,습기와 빛을 피해 실온에서 보관하십시오. 어린이의 손이 닿지 않는 곳에 보관하십시오.
81,K-007822,199900926,훼스탈골드정,"소화불량, 식욕감퇴(식욕부진), 과식, 체함, 소화촉진, 소화불량으로 인한 위부팽만감","1회 1정씩, 1일 3회 식후에 씹지말고 복용합니다.",,만,,,습기와 빛을 피해 실온에서 보관하십시오. 어린이의 손이 닿지 않는 곳에 보관하십시오.
82,K-007843,199901047,태극나렉신정,"류마티양 관절염, 골관절염(퇴행성 관절질환), 강직성 척추염, 건염(힘줄염), 급성통풍, 월경곤란증과 활액(윤활)낭염, 골격근장애(염좌(삠), 좌상(타박상), 외상(상처), 요천통(허리통증)), 수술후 동통(통증), 편두통, 발치(이를 뽑음)후 통증","류마티양 관절염, 골관절염, 강직성 척추염에  1회 1~2정",,이,다른 비스테로이드성 소염진통제 및 나프록센 유도체,심근경색증 및 뇌졸중의 위험 증가,실온에서 보관하십시오. 어린이의 손이 닿지 않는 곳에 보관하십시오.
83,K-007914,199901458,마그오캡슐,"위.십이지장궤양, 위염, 위산과다의 제산작용 및 증상의 개선, 변비증","위.십이지장궤양, 위염, 위산과다에는 산화마그네슘으로서 1일 1~2캡슐",,"신장장애,",이 약을 복용하는 동안 테트라사이클린계 항생물질을 복용하지 마십시오. 다량의 우유,일어섰을 때 느끼는 현기증,습기를 피해 실온에서 보관하십시오. 공기 중에서 습기 또는 CO2를 흡수하므로 보관에 주의합니다.
84,K-007923,199901507,콘로인캡슐,경증(가벼운 증상)에서 중등도의 골관절염(퇴행성관절염),1회 1~2캡슐,,이,,구역·구토,빛을 피해 실온에서 보관하십시오. 어린이의 손이 닿지 않는 곳에 보관하십시오.
85,K-008123,199902599,미래나프록센나트륨정,"류마티양 관절염, 골관절염(퇴행성 관절질환), 강직성 척추염, 건염(힘줄염), 급성통풍, 월경곤란증과 활액(윤활)낭염, 골격근장애(염좌(삠), 좌상(타박상), 외상(상처), 요천통(허리통증)), 수술후 동통(통증), 편두통, 발치(이를 뽑음)후 통증","류마티양 관절염, 골관절염, 강직성 척추염에  1회 1~2정",,이,다른 비스테로이드성 소염진통제 및 나프록센 유도체,심근경색증 및 뇌졸중의 위험 증가,실온에서 보관하십시오. 어린이의 손이 닿지 않는 곳에 보관하십시오.
86,K-008204,199903179,씨씨본정,"위십이지장궤양, 위염, 위산과다의 제산작용 및 증상의 개선과 칼슘보급","위·십이지장궤양, 위염, 위산과다에는 1일 2~10정",1일,중증,테트라시아클린계 항생물질을 함께 복용하지 마십시오. 비타민D,구역,습기와 빛을 피해 실온에서 보관하십시오. 어린이의 손이 닿지 않는 곳에 보관하십시오.
87,K-008537,199907335,한미알마게이트정,"위·십이지장궤양, 위염, 위산과다, 속쓰림, 구역, 구토, 위통, 신트림의 제산작용 및 증상의 개선",성인 및 12세 이상의 소아는 1회 2정,,이,이 약을 복용하는 동안 테트라사이클린계 항생제는 복용하지 마십시오. 이 약을 복용하기 전에 비스테로이드소염(항염)진통제,변비,습기와 빛을 피해 실온에서 보관하십시오. 어린이의 손이 닿지 않는 곳에 보관하십시오.
88,K-008826,200000744,아웃콜캡슐,"감기의 여러 증상(콧물, 코막힘, 재채기, 인후통, 기침, 가래, 오한(춥고 떨리는 증상), 발열, 두통, 관절통, 근육통)의 완화","만 15세 이상 및  1회 2캡슐씩, 1일 3회 식후 30분 이내에 복용합니다.",매일,이,진해(기침을 그치게 함)거담제(가래약),발진·발적,습기와 빛을 피해 실온에서 보관하십시오. 어린이의 손이 닿지 않는 곳에 보관하십시오.
89,K-008868,200001102,샤이닝정,"위장관계 질환의 발작성 동통(통증) 또는 담도계(쓸개길), 비뇨기계, 월경곤란증 등 여성 생식기계의 기능장애 및 경련성 동통(통증)",1회 1~2정 1일 3회 복용합니다. 1일 최대용량은 6정을 초과하지 마십시오.,매일,이,아세트아미노펜을 포함하는 다른 제품,혈소판감소증,실온에서 보관하십시오.
90,K-008900,200001305,복합탈시드츄어블정,"속쓰림, 위부불쾌감, 위통, 위산과다, 구역, 구토, 위부팽만감, 위체, 신트림",만 15세 이상 소아 및  1회 1정 1일 3회 식전 또는 식간의 공복시에 씹어서 복용하거나 입안에서 녹여서 복용합니다.,이,이,글리코사이드계,발진,습기와 빛을 피해 실온에서 보관하십시오. 어린이의 손이 닿지 않는 곳에 보관하십시오.
91,K-008976,200001713,세티진정,"계절성 및 다년성 알레르기성 비염, 알레르기성 결막염, 만성 특발성 두드러기, 피부소양증과 하이드로코티손 외용제와 병용에 의한 습진, 피부염",성인 및 6세 이상의 소아는 1일 1회 1정,,이,이 약을 복용하는 동안 테오필린,이 약 투여 중단 후 가려움증,실온에서 보관하십시오. 어린이의 손이 닿지 않는 곳에 보관하십시오.
92,K-009379,200002714,트립라인정,"수술 및 외상후, 유즙울체의 염증성 부종의 완화","첫날 1회 2정 1일 4회, 이후 유지량으로 1회 1정 1일 4회 복용합니다. 체내에서의 작용기전은 아직 해명되지 않은 점이 많고 용량, 효과관계도 밝혀진 것이 아니므로 목적 없이 투여하지 않습니다.",,이,항응고제를 함께 사용 시 의사 또는 약사와 상의하십시오.,발진,실온에서 보관하십시오. 어린이의 손이 닿지 않는 곳에 보관하십시오.
93,K-009387,200002729,자니틴정,"위산과다, 속쓰림, 신트림",성인,,이,이 약을 복용하는 동안 다른 위장약,,실온에서 보관하십시오. 어린이의 손이 닿지 않는 곳에 보관하십시오.
94,K-009410,200002787,세르비아캡슐,"장내균총 이상(항생물질, 화학요법제 투여 등)에 의한 정장, 변비, 묽은 변, 복부팽만감, 장내이상발효의 개선",1회 1캡슐,,갈락토오스,테트라사이클린,,습기와 빛을 피해 실온에서 보관하십시오. 어린이의 손이 닿지 않는 곳에 보관하십시오.
95,K-009432,200002985,액소도스정,"코감기, 알레르기 및 혈관운동성 코염에 의한 재채기, 콧물, 코막힘, 눈물의 완화","1회 1정, 소아",급성전신발진고름물집증과,이,,급성전신발진농포증,습기와 빛을 피해 실온에서 보관하십시오. 어린이의 손이 닿지 않는 곳에 보관하십시오.
96,K-009443,200003019,삐삐콜플러스정,"계절성 및 통년성 비(코) 알레르기, 급성 비염(코염) 및 부비동염, 급성 및 아급성 부비강염, 이관폐색 및 분비성 중이(가운데 귀)염에서의 상기도 점막 충혈의 증상 변화","성인 및 12세 이상의 소아는 1회 1정, 6세~12세 미만의 소아는 1회 1 / 2 정을 1일 3~4회 식후 복용합니다.",급성전신발진고름물집증과,이,수면제,허혈성 대장염(급격한 복통,습기와 빛을 피해 실온에서 보관하십시오. 어린이의 손이 닿지 않는 곳에 보관하십시오.
97,K-009496,200003409,리메부틴정,"식도역류 및 열공헤르니아, 위 십이지장염, 위ㆍ십이지장궤양에 있어서의 소화기능이상 (복통, 소화불량,구역, 구토), 과민성대장증후군 및 경련성 결장, 소아 질환(습관성 구토, 비감염성 장관통과장애 (변비, 설사))",1회 1~2정,,갈락토오스,,드물게 변비,실온에서 보관하십시오.
98,K-010408,200100431,셀트리온트리메부틴말레산염정,"식도역류 및 열공헤르니아, 위 십이지장염, 위ㆍ십이지장궤양에 있어서의 소화기능이상 (복통, 소화불량,구역, 구토)과 과민성대장증후군 및 경련성 결장과 소아 질환(습관성 구토, 변비, 설사 등 비 감염성 장관 통과 장애)",1회 0.5~1정,,이,,드물게 변비,실온에서 보관하십시오.
99,K-010450,200100614,코미정,"감기 또는 알레르기성 및 혈관운동성 비염(코염)에 의한 재채기, 콧물, 코막힘, 눈물과 부비동염에 의한 비충혈(코막힘)의 일시적 완화","만 12세 이상 소아 및  4시간마다 1정씩 복용하되, 24시간 동안 6정을 초과하지 마십시오. 만 6세 이상~12세 미만 소아는 4시간마다 1 / 2 정씩 복용하되, 24시간동안 3정을 초과하지 마십시오. 만 6세 미만 소아는 의사의 지시에 따릅니다.",,이,,공포,실온에서 보관하십시오. 어린이의 손이 닿지 않는 곳에 보관하십시오.
100,K-010528,200100915,애니펜정,"만성 다발성 관절염, 류마티스관절염, 관절증, 강직척추염, 외상 및 수술 후 통증성 부종 또는 염증과 염증, 통증 및 발열을 수반하는 감염증의 치료보조",6세 이상의 어린이는 체중 kg당 약 15 mg을 1일 2~4회 분할 복용합니다. 체중이 30 kg 미만인 어린이는 1일 용량이 2정,매일,약물투여의,아스피린,,습기와 빛을 피해 실온에서 보관하십시오. 어린이의 손이 닿지 않는 곳에 보관하십시오.
101,K-010538,200100960,펜타우드정,"만성 다발성관절염, 류마티스관절염, 관절증, 강직척추염, 외상 및 수술 후 통증성 부종 또는 염증 그리고 염증, 통증 및 발열을 수반하는 감염증의 치료보조",1회 1정,매일,약물투여의,아스피린,,습기와 빛을 피해 실온에서 보관하십시오. 어린이의 손이 닿지 않는 곳에 보관하십시오.
102,K-010543,200100997,에쟈스민정,"알레르기성 비염(재채기, 코막힘, 가려움, 눈의 작열감), 만성 특발성(원인 불명의) 두드러기",성인 및 12세 이상의 소아는 1일 1회 1정,,이,이 약을 복용하는 동안 시메티딘,진정작용,실온에서 보관하십시오. 어린이의 손이 닿지 않는 곳에 보관하십시오.
103,K-010545,200101016,데코라펜정,"만성 다발성관절염, 류마티스관절염, 관절증, 강직척추염, 외상 및 수술 후 통증성 부종 또는 염증 그리고 염증, 통증 및 발열을 수반하는 감염증의 치료보조",1회 1정,매일,약물투여의,아스피린,,습기와 빛을 피해 실온에서 보관하십시오. 어린이의 손이 닿지 않는 곳에 보관하십시오.
104,K-010738,200101683,덱스핀정,"만성 다발성 관절염, 류마티스관절염, 관절증, 강직척추염, 외상 및 수술 후 통증성 부종 또는 염증, 염증, 통증 및 발열을 수반하는 감염증의 치료보조",1회 1정,매일,약물투여의,아스피린,,습기와 빛을 피해 실온에서 보관하십시오. 어린이의 손이 닿지 않는 곳에 보관하십시오.
105,K-010749,200101738,훼로바유서방정,철 결핍성 빈혈의 예방 및 치료,성인 및 12세 이상 어린이는 1회 1정,만,이,이 약을 복용하는 동안 인산염,,습기와 빛을 피해 실온에서 보관하십시오. 어린이의 손이 닿지 않는 곳에 보관하십시오.
106,K-010769,200101844,잘젠정,"소화불량, 식욕감퇴(식욕부진), 과식, 체함, 소화촉진, 소화불량으로 인한 위부팽만감",1회 1~2정 1일 3회 식후에 복용합니다.,,이,,,습기와 빛을 피해 실온에서 보관하십시오. 어린이의 손이 닿지 않는 곳에 보관하십시오.
107,K-010912,200102499,로이디펜캡슐,"설사, 묽은 변, 식체(체함), 토사",15세 이상 및  1회 2캡슐을 1일 2회 복용합니다. 복용간격은 4시간 이상으로 합니다.,,이,위장진통제,발진,습기와 빛을 피해 실온에서 보관하십시오. 어린이의 손이 닿지 않는 곳에 보관하십시오.
108,K-010944,200102653,스카이정,"위장관계 질환의 발작성 동통 또는 담도계, 비뇨기계, 월경곤란증 등 여성 생식기계의 기능장애 및 경련성 동통",1회 1~2정 1일 3회 복용합니다. 1일 최대용량은 6정을 초과하지 마십시오.,매일,이,아세트아미노펜을 포함하는 다른 제품,혈소판감소증,실온에서 보관하십시오. 어린이의 손이 닿지 않는 곳에 보관하십시오.
109,K-010955,200102671,미다펜정,"신경통, 근육통, 관절통, 요(허리)통, 염좌통(삔 통증), 견통(어깨결림), 근경련(근육경련), 근경직등 근육의 이상 긴장을 수반하는 제질환(여러 질환)","1회 2정, 1일 4회까지 공복을 피하여 복용합니다. 연령, 증상에 따라 적절히 증감합니다.",,이,아세트아미노펜을 포함하는 다른 제품과 함께 복용하지 마십시오. 바르비탈계 약물,두드러기,습기와 빛을 피해 실온에서 보관하십시오. 어린이의 손이 닿지 않는 곳에 보관하십시오.
110,K-010995,200102905,구주로라타딘정,"알레르기성 비염(재채기, 코막힘, 가려움, 눈의 작열감), 만성 특발성(원인 불명의) 두드러기",성인 및 12세 이상의 소아는 1일 1회 1정,,이,이 약을 복용하는 동안 시메티딘,진정작용,실온에서 보관하십시오. 어린이의 손이 닿지 않는 곳에 보관하십시오.
111,K-011015,200103013,시노카엔캡슐,"코감기(급성비염, 알레르기성 비염(코염) 또는 부비동염에 의한 코막힘, 콧물, 재채기, 눈물, 인후통(목구멍 통증), 머리무거움의 완화",4시간 이상의 간격으로 1회 1캡슐씩 1일 3회 식후 복용합니다.,,이,복용 중에는 음주하지 마십시오.,출혈성뇌졸중,습기와 빛을 피해 실온에서 보관하십시오. 어린이의 손이 닿지 않는 곳에 보관하십시오.
112,K-011029,200103049,하이스탈정,"위산과다, 속쓰림, 위부불쾌감, 위부팽만감, 식체(위체), 구역, 구토, 위통, 신트림, 소화불량, 식욕감퇴(식욕부진), 과식, 소화촉진, 소화불량으로 인한 위부팽만감",1회 2정 1일 3회 매 식후에 복용합니다.,,투석요법을,위장진통,알레르기 증상(발진,습기와 빛을 피해 실온에서 보관하십시오. 어린이의 손이 닿지 않는 곳에 보관하십시오.
113,K-011064,200103343,팬스타정,"만성 다발성관절염, 류마티스관절염, 관절증, 강직척추염, 외상 및 수술 후 통증성 부종 또는 염증 그리고 염증, 통증 및 발열을 수반하는 감염증의 치료보조",1회 1정,매일,약물투여의,아스피린,,습기와 빛을 피해 실온에서 보관하십시오. 어린이의 손이 닿지 않는 곳에 보관하십시오.
114,K-011154,200103882,프리메정,"만성 다발성 관절염, 류마티스관절염, 관절증, 강직척추염, 외상 및 수술 후 통증성 부종 또는 염증, 염증, 통증 및 발열을 수반하는 감염증의 치료보조",1회 1정,매일,약물투여의,아스피린,,습기와 빛을 피해 실온에서 보관하십시오. 어린이의 손이 닿지 않는 곳에 보관하십시오.
115,K-011166,200103964,시노피드플러스정,"감기의 여러 증상(콧물, 코막힘, 재채기, 인후통, 오한, 발열, 두통, 관절통, 근육통)의 완화",1회 1~2정씩 4∼6시간마다 복용합니다. 1일 최대 8정을 초과하여 복용하지 마십시오.,,이,바르비탈계 약물,,습기와 빛을 피해 실온에서 보관하십시오. 어린이의 손이 닿지 않는 곳에 보관하십시오.
116,K-011354,200109769,애드빌정,"감기로 인한 발열 및 동통, 요통, 생리통, 류마티양 관절염, 연소성 류마티양 관절염, 골관절염(퇴행성 관절질환), 수술후 동통과 두통, 치통, 근육통, 신경통, 강직성 척추염, 급성통풍, 건선성 관절염, 연조직손상(염좌, 좌상), 비관절 류마티스질환(건염, 건초염, 활액낭염)","류마티양 관절염, 골관절염, 강직성 척추염, 연조직손상, 비관절 류마티스질환, 급성통풍, 건선성 관절염에는 1회 1~3정",,이,,,실온에서 보관하십시오. 어린이의 손이 닿지 않는 곳에 보관하십시오.
117,K-011543,200200406,이바내정,"육체피로, 임신·수유기, 병중·병후(병을 앓는 동안이나 회복 후)의 체력 저하 시 비타민 B2, B6, C의 보급과 구각염(입꼬리염), 구순염(입술염), 구내염(입안염), 설염(혀염), 습진, 피부염 증상의 완화에 사용합니다","만 8세 이상 어린이 및  1회 2정씩, 1일 1회 복용합니다.",,이,레보도파와 함께 복용하지 마십시오.,구역,습기와 빛을 피해 실온에서 보관하십시오. 어린이의 손이 닿지 않는 곳에 보관하십시오.
118,K-011544,200200414,생장환에스정,"변비와 변비에 수반하는 머리가 무거움, 역상, 피부거침, 부스럼, 식욕부진(식욕감퇴), 복부(배부분)팽만, 장내이상발효, 치질의 완화",15세 이상 및  1회 1~3정을 1일 1회 취침전,,"대두유,",다른 설사약과 함께 복용하지 마십시오.,발진·발적(충혈되어 붉어짐),습기와 빛을 피해 실온에서 보관하십시오. 어린이의 손이 닿지 않는 곳에 보관하십시오.
119,K-011613,200200662,세토펜이알서방정,"해열 및 감기에 의한 동통(통증)과 두통, 치통, 근육통, 허리동통(통증), 생리통, 관절통의 완화",12세 이상의 소아 및  매 8시간마다 2정씩 복용합니다. 24시간 동안 6정을 초과하지 마십시오.,매일,이,다른 소염(항염)진통제,,실온에서 보관하십시오. 어린이의 손이 닿지 않는 곳에 보관하십시오.
120,K-011617,200200677,모아코정,"감기의 여러 증상(콧물, 코막힘, 재채기, 인후통, 오한, 발열, 두통, 관절통, 근육통)의 완화",1회 1~2정씩 4∼6시간마다 복용합니다. 1일 최대 8정을 초과하여 복용하지 마십시오.,,이,바르비탈계 약물,,습기와 빛을 피해 실온에서 보관하십시오. 어린이의 손이 닿지 않는 곳에 보관하십시오.
121,K-011780,200201233,지펜정,"만성 다발성관절염, 류마티스관절염, 관절증, 강직척추염, 외상 및 수술 후 통증성 부종 또는 염증 그리고 염증, 통증 및 발열을 수반하는 감염증의 치료보조",1회 1정,,이,이 약을 복용하는 동안 아스피린,,습기와 빛을 피해 실온에서 보관하십시오. 어린이의 손이 닿지 않는 곳에 보관하십시오.
122,K-011783,200201239,아르펜정,"류마티스 관절염, 골관절염, 배통(등 통증), 두통, 월경통, 외상(상처)후 소염(항염)ㆍ진통, 유행성 감기로 인한 발열 및 통증",성인 및 12세 이상의 소아는 1회 1～2정을 4～6시간마다 물과 함께 복용하며 1일 최대 6정까지 복용할 수 있습니다. 권장용량을 초과하여 복용하지 마십시오.,,이,다른 비스테로이드성 소염진통제,,실온에서 보관하십시오. 어린이의 손이 닿지 않는 곳에 보관하십시오.
123,K-011845,200201481,하드칼츄어블정,"칼슘 결핍 및 기타 칼슘의 보급과 임신ㆍ수유기, 발육기, 노년기의 비타민 D의 보급과 뼈, 이의 발육불량, 구루병의 예방","성인 및 만 12세 이상은 1회 1~2정, 1일 1회 복용합니다. 만 36개월 이상~만 12세 미만 어린이는 1회 1 / 2 ~1정, 1일 1회 복용합니다. 입안에서 녹이거나 씹어서 복용합니다.",,이,인산염,구역,습기와 빛을 피해 25℃ 이하에서 보관하십시오. 어린이의 손이 닿지 않는 곳에 보관하십시오.
124,K-011846,200201482,타세놀이알서방정,"해열 및 감기에 의한 동통(통증)과 두통, 치통, 근육통, 허리동통(통증), 생리통, 관절통의 완화",12세 이상의 소아 및  매 8시간마다 2정씩 복용합니다. 24시간 동안 6정을 초과하지 마십시오.,매일,이,다른 소염(항염)진통제,,실온에서 보관하십시오. 어린이의 손이 닿지 않는 곳에 보관하십시오.
125,K-011942,200201695,맥스펜정,"만성 다발성관절염, 류마티스관절염, 관절증, 강직척추염, 외상 및 수술 후 통증성 부종 또는 염증 그리고 염증, 통증 및 발열을 수반하는 감염증의 치료보조",1회 1정,매일,약물투여의,아스피린,,습기와 빛을 피해 실온에서 보관하십시오. 어린이의 손이 닿지 않는 곳에 보관하십시오.
126,K-011982,200201784,쎄락틸정,"만성 다발성 관절염, 류마티스관절염, 관절증, 강직척추염, 외상 및 수술 후 통증성 부종 또는 염증, 염증, 통증 및 발열을 수반하는 감염증의 치료보조",1회 1정,매일,약물투여의,아스피린,,습기와 빛을 피해 실온에서 보관하십시오. 어린이의 손이 닿지 않는 곳에 보관하십시오.
127,K-012003,200201855,올바펜정,"감기로 인한 발열 및 통증, 치통과 두통, 신경통, 근육통, 월경통, 관절통, 류마티스성 통증","1회 1~2정, 1일 3회 공복을 피하여 복용합니다. 복용간격은 4시간 이상으로 합니다.",매일,이,아세트아미노펜을 포함하는 다른 제품,쇽 증상(호흡곤란,습기와 빛을 피해 실온에서 보관하십시오. 어린이의 손이 닿지 않는 곳에 보관하십시오.
128,K-012081,200202194,리렉스펜정,"신경통, 근육통, 관절통, 요(허리)통, 염좌통(삔 통증), 견통(어깨결림), 근경련(근육경련), 근경직등 근육의 이상 긴장을 수반하는 여러 질환","1회 2정 1일 4회까지 공복을 피하여 복용합니다. 연령, 증상에 따라 적절히 증감합니다.",,이,아세트아미노펜을 포함하는 다른 제품과 함께 복용하지 마십시오. 알코올과 함께 복용 시 의사 또는 약사와 상의하십시오.,두드러기,실온에서 보관하십시오.
129,K-012192,200202755,에스프로펜정,"만성 다발성 관절염, 류마티스관절염, 관절증, 강직척추염, 외상 및 수술 후 통증성 부종 또는 염증, 염증·통증 및 발열을 수반하는 감염증의 치료보조",1회 1정,매일,약물투여의,아스피린,,습기와 빛을 피해 실온에서 보관하십시오. 어린이의 손이 닿지 않는 곳에 보관하십시오.
130,K-012244,200202873,엔시드시간이알서방정,"해열 및 감기에 의한 동통(통증)과 두통, 치통, 근육통, 허리동통(통증), 생리통, 관절통의 완화",12세 이상의 소아 및  매 8시간마다 2정씩 복용합니다. 24시간 동안 6정을 초과하지 마십시오.,매일,이,다른 소염(항염)진통제,,실온에서 보관하십시오. 어린이의 손이 닿지 않는 곳에 보관하십시오.
131,K-012249,200202893,우먼스타이레놀정,"월경 전 긴장증, 부종, 경련, 요통 및 두통의 완화",성인 및 12세 이상의 소아는 1회 1~2정을 필요시 6시간 간격으로 복용합니다. 1일 용량은 6정을 초과하지 않습니다.,매일,이,다른 해열진통제,급성전신발진고름물집증,습기와 빛을 피해 실온에서 보관하십시오. 어린이의 손이 닿지 않는 곳에 보관하십시오.
132,K-012256,200202928,제스부틴정,"식도역류 및 열공헤르니아, 위 십이지장염, 위ㆍ십이지장궤양에 있어서의 소화기능이상 (복통, 소화불량,구역, 구토)과 과민성대장증후군 및 경련성 결장과 소아 질환(습관성 구토, 비감염성 장관 통과 장애(변비, 설사))",1회 1~2정,,갈락토오스,,드물게 변비,실온에서 보관하십시오.
133,K-012758,200300376,피로펜정,"신경통, 근육통, 관절통, 요(허리)통, 염좌통(삔 통증), 견통(어깨결림), 근경련(근육경련), 근경직등 근육의 이상 긴장을 수반하는 여러 질환","1회 2정, 1일 4회까지 공복을 피하여 복용합니다. 연령, 증상에 따라 적절히 증감합니다.",,이,아세트아미노펜을 포함하는 다른 제품과 함께 복용하지 마십시오. 바르비탈계 약물,두드러기,습기와 빛을 피해 실온에서 보관하십시오. 어린이의 손이 닿지 않는 곳에 보관하십시오.
134,K-012769,200300406,닥터베아제정,"소화불량, 식욕감퇴(식욕부진), 과식, 체함, 소화촉진, 소화불량으로 인한 위부팽만감",성인 1회 1정을 1일 3회 식후에 복용합니다.,,만,,,습기와 빛을 피해 실온에서 보관하십시오. 어린이의 손이 닿지 않는 곳에 보관하십시오.
135,K-012865,200300623,알비정,"회충, 요충, 십이지장충, 편충, 아메리카 구충, 분선충의 감염 및 이들 혼합감염의 치료",성인 및 24개월 이상의 소아는 요충에 1일 1회 1정,이,이,테오필린,피부점막안증후군(스티븐스-존슨증후군),습기와 빛을 피해 실온에서 보관하십시오. 어린이의 손이 닿지 않는 곳에 보관하십시오.
136,K-012914,200300725,엠피스정,"신경통, 근육통, 관절통, 허리통, 삠 통증, 어깨통증, 근육경련, 근경직 등 근육의 이상 긴장을 수반하는 여러 질환","1회 2정씩, 1일 4회까지 공복 시를 피하여 복용합니다. 연령, 증상에 따라 적절히 증감합니다.",매일,클로르족사존,알코올,두드러기,습기와 빛을 피해 실온에서 보관하십시오. 어린이의 손이 닿지 않는 곳에 보관하십시오.
137,K-013135,200301181,포부틴정,"식도역류 및 열공헤르니아, 위 십이지장염, 위ㆍ십이지장궤양에 있어서의 소화기능이상 (복통, 소화불량,구역, 구토), 과민성대장증후군 및 경련성 결장, 소아 질환(습관성 구토, 비감염성 장관통과장애 (변비, 설사))","1회 100~200 mg 1일 3회 식전에 복용합니다. 연령, 증상에 따라 적절히 증감합니다.",,갈락토오스,,드물게 변비,실온에서 보관하십시오.
138,K-013256,200301486,람노스캡슐,장내균총의 정상화에 의한 정장 및 설사증상의 개선,1일 2~8캡슐을 개봉하지 않고 물과 함께 삼켜 복용합니다.,,이,주로 익힌 고기 및 밥을 먹고 설사시 식사를 계속하는 경우 생음식,,습기와 빛을 피해 실온에서 보관하십시오. 어린이의 손이 닿지 않는 곳에 보관하십시오. 이 약은 용기 개봉 후에는 1개월 이내에 사용되어야 합니다.
139,K-013259,200301499,마그네스정,"임신·수유기, 병중･병후의 체력 저하 시 비타민 B6의 보급과 마그네슘결핍으로 인한 근육경련","1회 2정씩, 1일 3회 식사 중 다량의 물과 함께 복용합니다.",,이,인산염,붉은 반점,습기와 빛을 피해 실온에서 보관하십시오. 어린이의 손이 닿지 않는 곳에 보관하십시오.
140,K-013332,200301610,엘도랄정,급ㆍ만성 호흡기질환에서의 점액용해 및 거담,1회 1정,,이,기침약을 복용중인 사람은 의사 또는 약사와 상의하십시오.,두통,실온에서 보관하십시오. 어린이의 손이 닿지 않는 곳에 보관하십시오.
141,K-013378,200301766,데이감에스정,"감기의 여러 증상(콧물, 코막힘, 재채기, 인후통, 오한, 발열, 두통, 관절통, 근육통)의 완화",4∼6시간마다 1회 1∼2정씩 복용합니다. 최대 하루 8정을 초과하지 않습니다.,매일,이,바르비탈계 약물,,습기와 빛을 피해 실온에서 보관하십시오. 어린이의 손이 닿지 않는 곳에 보관하십시오.
142,K-013390,200301805,소하자임플러스정,"위산과다, 속쓰림, 위부불쾌감, 위부팽만감, 식체(위체), 구역, 구토, 위통, 신트림, 소화불량, 식욕부진, 과식, 소화촉진, 소화불량으로 인한 위부팽만감","1회 2정씩, 1일 3회 매 식후에 복용합니다.",,투석요법을,위장진통,알레르기 증상(발진,습기와 빛을 피해 실온에서 보관하십시오. 어린이의 손이 닿지 않는 곳에 보관하십시오.
143,K-013395,200301818,써스펜시간이알서방정,"해열 및 감기에 의한 동통(통증)과 두통, 치통, 근육통, 허리동통(통증), 생리통, 관절통의 완화",12세 이상의 소아 및  매 8시간마다 2정씩 복용합니다. 24시간 동안 6정을 초과하지 마십시오.,매일,이,다른 소염(항염)진통제,,실온에서 보관하십시오. 어린이의 손이 닿지 않는 곳에 보관하십시오.
144,K-013403,200301833,엘도인캡슐,급ㆍ만성 호흡기질환에서의 점액용해 및 거담,1회 1캡슐,,이,기침약을 복용중인 사람은 의사 또는 약사와 상의하십시오.,두통,실온에서 보관하십시오. 어린이의 손이 닿지 않는 곳에 보관하십시오.
145,K-013450,200301913,하디코프에프정,"감기의 여러 증상(콧물, 코막힘, 재채기, 인후통, 기침, 가래, 오한, 발열, 두통, 관절통, 근육통)의 완화","만 15세 이상 및  1회 2정씩, 만 7세 이상~만 15세 미만은 1회 1정씩, 1일 3회 식후 30분에 복용합니다.",매일,이,진해(기침을 그치게 함)거담제(가래약),발진·발적,습기와 빛을 피해 실온에서 보관하십시오. 어린이의 손이 닿지 않는 곳에 보관하십시오.
146,K-013470,200301966,클록펜정,"신경통, 근육통, 관절통, 요(허리)통, 염좌통(삔 통증), 견통(어깨결림), 근경련(근육경련), 근경직등 근육의 이상 긴장을 수반하는 제질환(여러 질환)","1회 2정, 1일 4회까지 공복을 피하여 복용합니다. 연령, 증상에 따라 적절히 증감합니다.",,이,아세트아미노펜을 포함하는 다른 제품과 함께 복용하지 마십시오. 바르비탈계 약물,두드러기,습기와 빛을 피해 실온에서 보관하십시오. 어린이의 손이 닿지 않는 곳에 보관하십시오.
147,K-013474,200301983,디펜코정,"감기의 여러 증상(콧물, 코막힘, 재채기, 인후통, 오한, 발열, 두통, 관절통, 근육통)의 완화",1회 1~2정씩 4∼6시간마다 복용합니다. 1일 최대 8정을 초과하여 복용하지 마십시오.,,이,바르비탈계 약물,,습기와 빛을 피해 실온에서 보관하십시오. 어린이의 손이 닿지 않는 곳에 보관하십시오.
148,K-013543,200302155,파모콤푸츄정,이 약은 위산과다 및 속쓰림과 관련된 가슴앓이의 경감,성인 및 15세 이상은 1정을 씹어서 복용합니다. 24시간 안에 2정 이상을 복용하지 마십시오. 2주를 초과하여 복용하지 마십시오.,,이,다른 위장약과 함께 복용하지 마십시오. 아테놀올,드물게 과민증,실온에서 보관하십시오.
149,K-013592,200302254,콜바스타에프정,"감기의 여러 증상(콧물, 코막힘, 재채기, 인후통, 오한, 발열, 두통, 관절통, 근육통)의 완화",1회 1~2정씩 4∼6시간마다 복용합니다. 1일 최대 8정을 초과하여 복용하지 마십시오.,,이,바르비탈계 약물,,습기와 빛을 피해 실온에서 보관하십시오. 어린이의 손이 닿지 않는 곳에 보관하십시오.
150,K-013626,200302348,타이레놀콜드에스정,"감기의 여러 증상(콧물, 코막힘, 재채기, 인후(목구멍)통, 기침, 오한(춥고 떨리는 증상), 발열, 두통, 관절통, 근육통)의 완화","15세 이상  1회 1정씩, 1일 3회 식후 30분에 복용합니다.",매일,이,바르비탈계 약물,발진·발적(충혈되어 붉어짐),습기와 빛을 피해 실온에서 보관하십시오. 어린이의 손이 닿지 않는 곳에 보관하십시오.
